Tree,Plot,Subplot,Species,Position 2002,Position 2012,Condition 2002,Condition 2012,DeathDate
1,BH,NA,QUVE,c,d,h,h,NA
2,H,12,ACRU,c,cd,h,h,NA
3,BH,NA,QUVE,c,cd,h,h,NA
4,H,NA,BEAL,i,NA,h,NA,60623
5,H,NA,BEAL,i,NA,h,NA,60623
6,H,18,PIST,NA,s,NA,m,NA
7,BH,NA,QUVE,d,d,h,h,NA
9,BH,NA,ACSA,s,i,h,h,NA
10,H,NA,BEPA,d,NA,h,NA,100831
11,H,12,QURU,cd,cd,h,h,NA
14,H,11,ACRU,NA,s,NA,h,NA
15,H,NA,BELE,i,NA,h,NA,60828
16,H,17,ACRU,i,i,h,h,NA
17,H,17,ACRU,NA,s,NA,i,NA
19,H,32,BELE,cd,NA,canker/m,NA,40614
20,H,NA,BELE,i,NA,leaning with canker,NA,20806
21,H,30,PIST,NA,s,NA,i,NA
22,H,NA,BEAL,d,NA,h,NA,30804
23,H,23,ACSA,NA,s,NA,h,NA
24,H,22,ACRU,i,i,h,h,NA
25,H,22,ACRU,i,i,h,i,NA
26,H,23,ACSA,NA,s,NA,h,NA
27,H,23,QUVE,d,d,h,i,NA
28,H,22,ACSA,s,s,h,h,NA
29,H,23,ACRU,i,i,h,h,NA
30,H,23,ACRU,s,s,h,i,NA
31,H,29,FRAM,s,i,h,h,NA
32,H,30,ACRU,cd,cd,h,h,NA
33,H,NA,BEPO,i,NA,h,NA,20806
34,H,22,QUVE,d,d,h,h,NA
35,H,30,FRAM,s,s,h,h,NA
36,H,22,ACRU,s,s,h,h,NA
37,H,30,ACRU,i,s,h,h,NA
38,H,22,ACRU,s,s,h,h,NA
39,H,30,QURU,d,d,h,h,NA
40,H,28,ACPE,NA,s,NA,h,NA
41,H,35,QUVE,cd,i,h,h,NA
42,H,28,QURU,d,i,h,h,NA
43,H,NA,PIST,s,NA,i,NA,90625
44,H,28,ACRU,NA,s,NA,h,NA
46,H,35,ACRU,i,s,i,i,NA
47,H,36,QUVE,cd,cd,h,h,NA
48,H,35,CADE,NA,s,NA,h/leaning,130904
51,BH,NA,PIST,s,NA,m,NA,30410
52,BH,NA,ACRU,s,s,i,h,NA
54,BH,NA,ACRU,cd,i,i,h,NA
55,BH,NA,ACRU,s,s,m,d,120816
56,H,36,ACRU,NA,s,NA,i,NA
57,BH,NA,QUVE,i,NA,i,NA,51004
58,B,NA,BELE,NA,s,NA,h,NA
59,BH,NA,ACRU,i,s,h,h,NA
60,B,NA,ACRU,NA,s,NA,i/leaning,NA
61,B,NA,ACRU,i,i,m,i,NA
62,B,NA,ACRU,NA,s,NA,i/leaning,NA
64,B,NA,ACRU,cd,i,h,h,NA
66,B,NA,QUVE,d,d,i,i,NA
67,BH,NA,ACRU,NA,s,NA,i,NA
69,H,34,QURU,d,d,i,h,NA
70,BH,NA,TSCA,i,s,h,h,NA
71,H,NA,ACRU,s,NA,h,NA,110719
72,H,34,ACRU,s,s,h,h,NA
73,BH,NA,ACRU,i,s,h,d,120816
74,BH,NA,FRAM,i,s,h,h,NA
75,BH,NA,FRAM,i,NA,h,NA,60828
76,H,33,ACRU,NA,s,h,h,NA
77,BH,NA,QUVE,d,cd,h,h,NA
78,H,32,PIST,i,s,i,m,NA
79,H,33,ACRU,NA,s,NA,h,NA
80,H,31,ACRU,NA,s,NA,i,NA
81,H,NA,QUVE,s,NA,i,NA,20806
82,H,32,QUVE,d,d,h,i,NA
83,H,27,FRAM,d,cd,h,i,NA
84,H,26,FRAM,NA,s,NA,i,NA
85,H,26,QUAL,i,s,i,i,NA
86,H,26,BELE,NA,s,NA,h,NA
89,H,21,QUVE,cd,i,h,i,NA
90,H,21,ACRU,i,s,h,h,NA
91,H,16,QURU,d,d,h,h,NA
92,H,21,ACSA,NA,s,NA,h,NA
93,H,21,ACRU,i,s,h,h,NA
94,H,15,QURU,i,i,h,h,NA
95,H,10,QUVE,cd,cd,h,i,NA
96,H,4,ACRU,i,i,i,d,NA
97,H,4,ACRU,i,s,h,h,NA
98,H,NA,ACRU,i,NA,i,NA,60623
99,H,15,TSCA,i,s,h,h,NA
100,H,15,ACRU,cd,i,i,h,NA
101,H,15,ACRU,s,s,i,i,NA
102,BH,NA,ACRU,cd,i,h,h,NA
104,H,4,QURU,cd,cd,h,h,NA
105,H,14,QURU,d,d,h,h,NA
106,H,3,ACRU,i,s,h,h,NA
107,H,14,QURU,d,d,h,h,NA
109,H,3,ACSA,s,s,h,h,NA
110,H,3,ACSA,s,s,i,i,NA
111,H,3,ACRU,i,i,h,h,NA
112,H,NA,QUVE,cd,NA,i,NA,40614
113,H,20,ACRU,cd,cd,h,h,NA
114,H,20,ACRU,cd,cd,h,h,NA
115,H,3,FRAM,d,i,h,i,NA
116,BH,NA,ACRU,cd,i,h,h,NA
117,H,26,BELE,NA,s,NA,h,NA
118,BH,NA,QUVE,cd,cd,h,i,NA
119,H,26,BELE,NA,s,NA,h,NA
120,H,2,ACRU,i,s,h,i,NA
121,H,25,ACRU,cd,i,h,h,NA
122,BH,NA,QUVE,cd,i,h,h,NA
123,H,31,QUVE,cd,cd,h,h,NA
124,BH,NA,ACRU,s,s,i,i,NA
126,BH,NA,ACRU,i,s,h,i,NA
127,H,31,QUVE,i,cd,h,h,NA
128,BH,NA,Acsp,d,cd,h,h,NA
129,BH,NA,QUVE,d,cd,h,h,NA
130,H,NA,ACRU,i,NA,h,NA,20806
132,H,19,ACRU,cd,cd,h,h,NA
133,H,2,QUVE,cd,i,h,h,NA
134,H,13,ACRU,d,cd,h,h,NA
135,H,2,ACSA,i,s,h,h,NA
136,H,13,TSCA,s,s,h,h,NA
137,H,13,TSCA,s,s,h,h,NA
138,H,1,QURU,cd,d,h,h,NA
139,H,1,ACRU,i,s,h,m,130704
140,H,NA,ACRU,i,NA,i,NA,20904
142,BH,NA,ACRU,cd,i,h,h,NA
143,BH,NA,ACRU,i,NA,i,NA,30603
144,BH,NA,ACRU,cd,NA,h,NA,NA
145,BH,NA,QUVE,cd,cd,i,i,NA
146,H,NA,ACRU,i,NA,h,NA,50614
147,H,1,ACRU,cd,cd,h,h,NA
148,BH,NA,QUVE,cd,cd,i,i,NA
149,H,1,QUVE,d,d,h,h,NA
150,B,NA,QUVE,i,NA,i,NA,NA
151,B,NA,QUVE,d,d,h,i,NA
152,B,NA,ACRU,NA,s,NA,i,NA
153,H,14,BELE,NA,s,NA,h,NA
154,H,8,ACRU,i,NA,i,NA,90826
155,BH,NA,ACRU,s,s,i,h,NA
156,H,8,ACRU,i,i,h,i,NA
157,H,13,ACRU,s,s,h,m,130529
158,H,13,QURU,cd,i,h,h,NA
159,BH,NA,BEPA,cd,NA,h,NA,80520
160,BH,NA,QUVE,i,i,h,i,NA
161,B,NA,QUVE,d,cd,i,h,NA
163,B,NA,ACRU,i,i,i,h,NA
165,BH,NA,ACRU,cd,s,h,h,NA
168,BH,NA,ACRU,i,s,h,h,NA
169,BH,NA,ACRU,i,s,h,h,NA
171,BH,NA,QUVE,d,cd,i,h,NA
172,BH,NA,QUVE,cd,cd,h,h,NA
174,BH,NA,ACRU,s,s,h,i,NA
176,BH,NA,ACRU,s,s,h,h,NA
177,BH,NA,ACRU,s,s,h,h,NA
178,BH,NA,ACRU,s,s,i,i,NA
179,BH,NA,ACRU,i,i,h,h,NA
180,B,NA,ACRU,i,i,h,h,NA
181,BH,NA,QUVE,cd,NA,i,NA,80916
182,B,NA,QUVE,i,NA,i,NA,70503
184,B,NA,ACRU,i,i,h,h,NA
186,B,NA,QUVE,i,i,i,h,NA
187,B,NA,QUVE,cd,cd,h,h,NA
190,B,NA,QUVE,d,d,h,h,NA
191,B,NA,ACRU,NA,s,NA,h,NA
194,B,NA,ACRU,i,s,h,i,NA
197,B,NA,ACRU,i,s,h,i,NA
198,B,NA,QUVE,i,NA,h,NA,70629
199,B,NA,BEAL,NA,s,NA,h,NA
200,B,NA,ACRU,s,NA,i,NA,30804
201,B,NA,ACRU,cd,i,h,h,NA
202,B,NA,QUVE,cd,cd,i,h,NA
203,B,NA,ACRU,i,s,h,h,NA
204,B,NA,QUVE,d,d,h,h,NA
205,B,NA,QUVE,cd,cd,i,h,NA
206,B,NA,ACRU,i,i,i,i,NA
207,B,NA,ACRU,s,s,i,i,NA
208,B,NA,QUVE,cd,i,i,i,NA
209,C,33,ACRU,i,s,h,h,NA
210,C,NA,ACRU,s,NA,i,NA,70601
211,C,32,BEAL,cd,i,h,h,NA
212,B,NA,ACSA,NA,s,NA,h,NA
213,B,NA,ACSA,i,s,h,h,NA
214,C,33,FRAM,cd,i,h,i,NA
215,B,NA,ACSA,s,s,h,h,NA
216,C,27,QURU,d,d,h,h,NA
217,C,NA,QUVE,i,NA,i,NA,70601
218,C,34,ACRU,i,s,h,h,NA
219,B,NA,ACRU,i,s,h,h,NA
220,C,34,FRAM,d,cd,h,h,NA
221,C,36,ACRU,i,s,h,h,NA
222,C,36,ACRU,i,i,h,h,NA
223,C,28,TSCA,NA,s,NA,h,NA
224,C,NA,FRAM,i,NA,i,NA,60828
225,C,NA,QUVE,i,NA,i,NA,40614
226,C,28,QURU,cd,cd,h,h,NA
227,C,29,ACRU,i,s,h,h,NA
228,BH,NA,QUVE,d,d,h,h,NA
229,C,29,FRAM,i,s,h,i,NA
232,C,29,ACRU,i,s,i,h,NA
234,C,NA,ACRU,i,NA,i,NA,51101
235,C,24,ACRU,i,s,i,h,NA
236,C,24,ACRU,i,s,h,h,NA
237,C,24,ACRU,i,s,h,d,130529
238,C,NA,ACRU,i,NA,h,NA,110523
241,C,24,QURU,d,d,h,h,NA
243,C,NA,ACRU,i,NA,i,NA,40510
244,C,18,TSCA,i,s,h,h,NA
245,C,18,TSCA,i,s,h,m,NA
246,C,23,ACRU,cd,i,h,d,NA
247,C,18,TSCA,i,s,h,h,NA
248,C,18,QURU,cd,cd,h,h,NA
249,C,18,BEAL,cd,i,h,h,NA
250,C,18,BEAL,cd,i,i,h,NA
251,C,18,TSCA,i,s,h,h,NA
252,C,24,FRAM,cd,i,i,m,NA
253,C,18,ACRU,i,s,i,m,NA
254,B,NA,ACRU,cd,cd,h,i,NA
255,B,NA,ACRU,i,s,h,i,NA
256,C,12,ACRU,i,i,h,h,NA
257,C,12,ACRU,i,i,h,i,NA
258,B,NA,ACSA,NA,s,NA,h,NA
259,C,6,ACRU,i,i,i,i,NA
260,B,NA,BEAL,cd,NA,m,NA,60828
261,B,NA,ACRU,i,s,i,h,NA
264,B,NA,ACRU,i,s,h,i,NA
265,B,NA,ACRU,i,i,h,h,NA
266,B,NA,ACRU,i,i,i,h,NA
267,B,NA,ACRU,i,s,h,h,NA
268,B,NA,ACRU,i,i,h,h,NA
269,B,NA,PIST,i,s,h,m,131105
270,B,NA,BELE,d,d,h,h,NA
271,B,NA,BELE,cd,d,h,h,NA
272,B,NA,BELE,cd,i,h,h,NA
273,B,NA,QUVE,d,d,h,h,NA
274,B,NA,ACRU,NA,s,NA,i,NA
275,B,NA,ACRU,i,s,h,i,NA
276,B,NA,QUVE,d,d,h,h,NA
277,B,NA,QUVE,i,i,h,h,NA
278,B,NA,TSCA,i,s,h,h,NA
279,B,NA,QUVE,i,cd,h,h,NA
280,BH,NA,ACRU,i,i,i,h,NA
281,B,NA,ACRU,i,i,h,h,NA
282,BH,NA,BEPA,cd,NA,h,NA,80916
283,BH,NA,BEPA,cd,NA,i,NA,80916
284,B,NA,ACRU,NA,s,NA,h/leaning,NA
285,B,NA,QUVE,cd,cd,i,h,NA
287,B,NA,ACRU,i,i,h,h,NA
288,B,NA,QUVE,cd,cd,h,h,NA
289,B,NA,QUVE,d,cd,i,h,NA
290,B,NA,ACRU,i,s,i,h,NA
291,B,NA,ACRU,i,s,i,h,NA
292,B,NA,ACSA,i,s,i,h,NA
294,B,NA,QUVE,d,d,i,h,NA
295,B,NA,BEAL,i,s,h,m,NA
297,B,NA,POGR,d,d,i,h,NA
298,B,NA,ACRU,i,s,i,h,NA
299,B,NA,ACRU,i,s,h,i,NA
300,B,NA,ACRU,NA,s,NA,i,NA
301,B,NA,FRAM,s,s,i,h,NA
302,B,NA,ACRU,i,i,h,h,NA
304,B,NA,PIST,i,NA,m,NA,21003
305,B,NA,QUVE,d,cd,i,h,NA
307,B,NA,ACSA,s,i,i,h,NA
308,B,NA,QUVE,cd,d,i,h,NA
309,B,NA,TSCA,i,s,h,h,NA
311,B,NA,ACSA,i,i,h,h,NA
312,B,NA,QUVE,i,s,h,h,NA
313,B,NA,TSCA,cd,s,h,h,NA
314,B,NA,QUVE,d,d,h,h,NA
315,B,NA,BEAL,cd,NA,i,NA,61109
316,B,NA,BEAL,cd,NA,h,d,120806
317,B,NA,BEAL,cd,NA,h,NA,61109
318,B,NA,TSCA,s,s,h,h,NA
319,B,NA,ACRU,s,s,h,h,NA
320,B,NA,ACRU,s,s,i,h,NA
321,B,NA,ACRU,cd,cd,i,h/cankers,NA
322,B,NA,ACRU,cd,cd,h,h,NA
324,B,NA,FRAM,s,s,i,m,131105
325,B,NA,QUVE,cd,i,i,h,NA
326,B,NA,ACRU,i,NA,h,NA,70601
328,B,NA,QUVE,d,cd,i,h,NA
329,B,NA,QUVE,d,d,h,h,NA
330,B,NA,QUVE,i,NA,i,NA,21003
331,B,NA,TSCA,cd,i,h,h,NA
332,B,NA,QUVE,s,NA,i,NA,50614
333,B,NA,QUVE,s,NA,i,NA,61109
334,C,2,ACRU,cd,cd,h,h,NA
335,B,NA,QUVE,cd,i,h,h,NA
336,C,3,PIST,i,s,m,i,NA
337,C,4,ACRU,NA,s,NA,i,NA
338,C,3,TSCA,NA,s,NA,h,NA
339,C,4,ACRU,s,s,h,i,NA
340,C,6,ACRU,i,s,h,h,NA
341,C,NA,ACRU,s,NA,h,NA,100831
342,C,4,QURU,cd,cd,h,h,NA
343,C,5,QURU,d,d,h,h,NA
344,C,10,ACRU,i,s,h,h,NA
345,C,11,ACRU,s,s,h,i,NA
346,C,NA,ACRU,s,NA,h,NA,50510
347,C,5,ACRU,d,cd,h,h,NA
348,C,5,ACRU,s,s,h,h,NA
349,C,11,ACRU,i,i,h,h,NA
351,C,5,QURU,d,cd,h,i,NA
352,C,17,ACRU,cd,cd,h,h,NA
353,C,16,ACRU,cd,cd,h,i,NA
354,C,17,BELE,s,cd,h,h,NA
355,C,16,BELE,cd,i,h,h,NA
356,C,9,ACRU,cd,i,h,h,NA
358,C,9,BELE,NA,s,NA,h,NA
359,C,23,ACRU,cd,cd,h,h,NA
360,C,9,ACRU,s,s,h,m,130904
361,C,NA,ACRU,i,NA,h,NA,21003
362,C,22,ACRU,NA,s,NA,i,NA
364,C,8,FRAM,d,cd,h,i,NA
365,C,NA,ACRU,s,NA,i,NA,70629
366,B,NA,ACRU,d,i,h,h,NA
368,B,NA,TSCA,i,s,h,h,NA
369,C,21,BEAL,i,s,h,h,NA
370,C,21,BEAL,cd,i,h,h,NA
371,C,NA,BEPA,d,cd,h,d,120816
373,C,15,ACRU,NA,s,NA,h,NA
374,C,NA,ACRU,i,NA,h,NA,60623
375,C,9,ACRU,NA,s,NA,h,NA
376,C,9,QURU,d,d,h,h,NA
377,B,NA,FRAM,d,cd,i,h,NA
378,B,NA,ACRU,s,s,h,i,NA
380,B,NA,FRAM,cd,cd,i,h,NA
382,B,NA,ACSA,i,s,h,h/cankers,NA
383,C,NA,ACRU,s,NA,i,NA,50510
385,C,14,QURU,d,cd,i,h,NA
386,C,1,ACSA,i,cd,h,h,NA
387,C,21,ACRU,i,s,h,d,NA
388,C,21,ACRU,cd,s,h,h,NA
389,C,1,ACSA,cd,i,h,h,NA
390,C,20,FRAM,d,cd,h,h,NA
391,C,NA,QUVE,i,NA,i,NA,40913
392,C,21,FRAM,cd,cd,h,h,NA
393,C,8,ACRU,NA,cd,NA,h,NA
394,C,21,ACSA,i,s,h,h,NA
395,C,NA,ACRU,i,NA,h,NA,100831
396,C,7,FRAM,cd,cd,h,i,NA
398,B,NA,FRAM,cd,cd,h,h,NA
399,C,26,ACRU,cd,cd,h,h,NA
400,C,26,ACRU,cd,i,h,h,NA
401,C,26,ACRU,i,s,i,i,NA
402,B,NA,BESP,cd,i,h,h,NA
403,B,NA,ACRU,d,d,h,h,NA
404,C,26,TSCA,NA,s,NA,h,NA
405,C,26,ACSA,NA,s,NA,h,NA
406,C,25,BELE,NA,s,NA,h,NA
407,B,NA,ACRU,NA,s,NA,i,NA
409,C,13,QURU,cd,cd,h,h,NA
410,B,NA,ACRU,i,s,i,m,NA
411,B,NA,ACRU,i,i,i,i,NA
412,B,NA,QUVE,d,cd,i,i,NA
413,C,26,ACRU,i,s,i,i,NA
414,C,32,ACRU,cd,cd,i,h,NA
415,B,NA,ACRU,cd,i,i,i,NA
416,B,NA,PIST,cd,cd,h,i,NA
417,C,32,ACRU,cd,i,h,i,NA
418,C,32,ACRU,i,cd,i,h,NA
419,B,NA,TSCA,i,i,h,h,NA
421,C,14,ACRU,i,s,h,h,NA
422,B,NA,PIST,s,NA,m,NA,80730
423,C,NA,ACRU,s,NA,i,NA,20904
424,C,NA,ACRU,cd,NA,i,NA,61109
425,B,NA,QUVE,d,d,i,h,NA
426,C,13,ACRU,cd,s,i,i,NA
427,B,NA,ACRU,cd,i,h,h,NA
428,C,19,PIST,cd,cd,i,i,NA
430,C,25,ACSA,cd,cd,h,h,NA
431,C,NA,ACRU,i,NA,i,NA,100603
433,C,19,ACRU,d,cd,i,h,NA
434,C,25,FRAM,cd,i,h,i,NA
435,C,25,FRAM,cd,cd,h,h,NA
436,B,NA,ACRU,cd,i,h,h,NA
437,B,NA,ACsp,i,NA,h,NA,40713
442,B,NA,PIST,d,cd,i,h,NA
443,B,NA,QUVE,d,cd,h,h,NA
444,B,NA,ACRU,i,s,i,h,NA
445,B,NA,PIST,cd,i,i,d,120816
446,B,NA,ACPE,NA,s,NA,h,NA
447,B,NA,QUVE,i,i,i,h,NA
448,B,NA,PIST,d,d,i,i,NA
449,B,NA,PIST,d,cd,i,h,NA
450,B,NA,PIST,i,i,m,m,NA
451,B,NA,QUVE,i,i,i,i,NA
452,B,NA,QUVE,cd,s,i,d,120816
453,B,NA,BELE,NA,s,NA,h,NA
454,B,NA,ACPE,NA,i,NA,h,NA
455,B,NA,QUVE,s,NA,i,NA,40913
456,B,NA,BEPA,cd,NA,i,NA,20904
458,B,NA,TSCA,NA,s,NA,h,NA
459,B,NA,QUSP,NA,i,NA,h,NA
460,C,32,ACRU,s,s,h,m,121107
461,B,NA,TSCA,NA,s,NA,h,NA
462,B,NA,QUVE,d,d,i,h,NA
463,B,NA,ACRU,cd,i,i,h,NA
464,B,NA,ACRU,cd,i,i,h,NA
465,B,NA,ACRU,cd,cd,i,h,NA
466,B,NA,ACRU,cd,i,i,h,NA
467,B,NA,ACRU,cd,i,i,h,121107
468,B,NA,ACRU,cd,NA,i,NA,NA
469,B,NA,ACRU,cd,i,i,h,NA
470,B,NA,ACRU,cd,NA,i,NA,111101
473,B,NA,FRAM,i,s,i,m,NA
476,B,NA,ACRU,cd,cd,h,h,NA
501,H,31,FRAM,i,i,h,h,NA
502,H,NA,FRAM,s,i,i,d,120816
503,BH,NA,FRAM,NA,NA,NA,NA,40824
504,H,20,FRAM,i,cd,h,h,NA
505,H,NA,FRAM,s,NA,i,NA,50614
506,B,NA,FRAM,s,NA,i,NA,50714
507,B,NA,TSCA,i,cd,h,s,NA
508,H,NA,FRAM,s,NA,h,NA,80820
509,BH,NA,FRAM,s,NA,i,NA,40913
510,BH,NA,FRAM,s,NA,i,NA,40913
511,BH,NA,,NA,NA,NA,NA,40913
512,B,NA,,NA,NA,NA,NA,40913
513,H,6,ACRU,i,i,h,h,NA
514,BH,NA,FRAM,s,NA,h,NA,50614
516,B,NA,QUVE,s,cd,h,h,NA
517,B,NA,,NA,NA,NA,NA,41013
518,B,NA,FRAM,i,s,s,d,120816
519,B,NA,FRAM,s,s,h,i,NA
520,B,NA,ACRU,i,cd,h,h,NA
521,B,NA,QUVE,d,cd,h,h,NA
522,B,NA,BEAL,cd,i,h,h,NA
523,B,NA,BEAL,cd,i,h,h,NA
524,B,NA,ACRU,NA,s,NA,i,NA
525,B,NA,TSCA,i,s,h,h,NA
526,B,NA,TSCA,i,s,h,h,NA
527,B,NA,ACRU,i,i,h,h,NA
528,B,NA,QUVE,d,d,h,h,NA
529,B,NA,QUVE,cd,cd,h,h,NA
530,B,NA,ACRU,s,NA,m,NA,40614
531,B,NA,ACRU,i,s,h,h,NA
532,B,NA,TSCA,i,i,h,h,NA
533,BH,NA,TSCA,s,s,h,h,NA
534,B,NA,TSCA,i,s,h,h,NA
535,BH,NA,ACRU,cd,cd,h,h,NA
536,BH,NA,ACRU,cd,cd,h,h,NA
537,BH,NA,BEAL,NA,s,NA,m,NA
538,BH,NA,QURU,s,d,i,h,NA
539,B,NA,TSCA,i,s,h,h,NA
540,B,NA,TSCA,i,s,h,h,NA
541,B,NA,TSCA,i,s,h,h,NA
542,B,NA,ACRU,cd,i,h,h,NA
543,BH,NA,ACRU,i,i,h,h,NA
544,BH,NA,TSCA,i,s,h,h,NA
545,BH,NA,TSCA,i,i,h,h,NA
546,BH,NA,TSCA,i,i,h,h,NA
547,B,NA,QURU,NA,cd,NA,h,NA
548,B,NA,BELE,NA,s,NA,h,NA
1001,S1,NA,ACRU,NA,i,NA,h,NA
1002,S1,NA,QURU,NA,cd,NA,h,NA
1003,S1,NA,ACRU,NA,s,NA,h,NA
1004,S1,NA,BELE,NA,s,NA,h,NA
1005,S1,NA,ACRU,NA,cd,NA,h,NA
1006,S1,NA,ACRU,NA,s,NA,h,NA
1007,S1,NA,QURU,NA,cd,NA,i,NA
1008,S1,NA,QURU,NA,cd,NA,h,NA
1009,S1,NA,ACRU,NA,s,NA,h,NA
1010,S1,NA,BELE,NA,s,NA,h,NA
1011,S1,NA,ACRU,NA,s,NA,h,NA
1012,S1,NA,PIST,NA,NA,NA,NA,110501
1013,S1,NA,PIST,NA,NA,NA,NA,61031
1014,S1,NA,QURU,NA,cd,NA,h,NA
1015,S1,NA,BELE,NA,s,NA,h,NA
1016,S1,NA,PIST,NA,s,NA,m,NA
1017,S1,NA,QURU,NA,cd,NA,h,NA
1018,S1,NA,QURU,NA,NA,NA,NA,61031
1019,S1,NA,QURU,NA,i,NA,h,NA
1020,S1,NA,PIST,NA,NA,NA,NA,120501
1021,S1,NA,QURU,NA,cd,NA,h,NA
1022,S1,NA,ACRU,NA,s,NA,h,NA
1023,S1,NA,ACRU,NA,s,NA,h,NA
1024,S1,NA,ACRU,NA,NA,NA,NA,61031
1025,S1,NA,QURU,NA,NA,NA,NA,61031
1026,S1,NA,QURU,NA,NA,NA,NA,61031
1027,S1,NA,QURU,NA,NA,NA,NA,61031
1028,S1,NA,ACRU,NA,s,NA,i,NA
1029,S1,NA,QURU,NA,d,NA,h,NA
1030,S1,NA,PIST,NA,s,NA,m,NA
1031,S1,NA,QURU,NA,cd,NA,h,NA
1033,S1,NA,BELE,NA,s,NA,h,NA
1034,S1,NA,QURU,NA,NA,NA,NA,61031
1035,S1,NA,QURU,NA,NA,NA,NA,61031
1036,S1,NA,QURU,NA,NA,NA,NA,61031
1037,S1,NA,PIST,NA,s,NA,m,NA
1038,S1,NA,QURU,NA,NA,NA,NA,61031
1039,S1,NA,ACRU,NA,NA,NA,NA,61031
1040,S1,NA,PIST,NA,NA,NA,NA,110501
1041,S1,NA,ACRU,NA,i,NA,h,NA
1042,S1,NA,ACRU,NA,NA,NA,NA,61031
1043,S1,NA,ACRU,NA,cd,NA,h,NA
1044,S1,NA,ACRU,NA,NA,NA,NA,61031
1045,S1,NA,QURU,NA,cd,NA,h,NA
1046,S1,NA,ACRU,NA,s,NA,h,NA
1047,S1,NA,ACRU,NA,s,NA,m,91101
1048,S1,NA,ACRU,NA,i,NA,h,NA
1049,S1,NA,QURU,NA,cd,NA,i,NA
1050,S1,NA,PIST,NA,s,NA,m,NA
1051,S1,NA,QURU,NA,NA,NA,NA,61031
1052,S1,NA,QURU,NA,cd,NA,h,NA
1053,S1,NA,ACRU,NA,s,NA,m,NA
1054,S1,NA,QURU,NA,d,NA,h,NA
1055,S1,NA,PIST,NA,NA,NA,NA,61031
1056,S1,NA,PIST,NA,s,NA,m,NA
1057,S1,NA,QURU,NA,NA,NA,NA,61031
1058,S1,NA,ACRU,NA,s,NA,i,NA
1059,S1,NA,FAGR,NA,s,NA,h,NA
1060,S1,NA,QURU,NA,NA,NA,NA,61031
1061,S1,NA,ACRU,NA,s,NA,i,NA
1062,S1,NA,PIST,NA,s,NA,m,NA
1063,S1,NA,QURU,NA,cd,NA,h,NA
1064,S1,NA,ACRU,NA,NA,NA,NA,91101
1065,S1,NA,ACRU,NA,i,NA,h,91101
1066,S1,NA,ACRU,NA,s,NA,h,NA
1067,S1,NA,ACRU,NA,NA,NA,NA,61031
1068,S1,NA,QURU,NA,NA,NA,NA,110501
1069,S1,NA,PIST,NA,s,NA,m,NA
1070,S1,NA,PIST,NA,NA,NA,NA,130425
1071,S1,NA,PIST,NA,s,NA,m,NA
1072,S1,NA,QURU,NA,cd,NA,h,NA
1073,S1,NA,ACRU,NA,NA,NA,NA,91101
1074,S1,NA,ACRU,NA,s,NA,i,91101
1075,S1,NA,PIST,NA,NA,NA,NA,61031
1076,S1,NA,ACRU,NA,s,NA,h,NA
1077,S1,NA,QURU,NA,cd,NA,h,NA
1078,S1,NA,ACRU,NA,s,NA,h,91101
1079,S1,NA,QURU,NA,i,NA,h,NA
1080,S1,NA,ACRU,NA,s,NA,h,NA
1081,S1,NA,ACRU,NA,s,NA,h,91101
1082,S1,NA,QURU,NA,cd,NA,h,NA
1083,S1,NA,ACRU,NA,s,NA,h,NA
1084,S1,NA,QURU,NA,cd,NA,h,NA
1085,S1,NA,ACRU,NA,NA,NA,NA,61031
1086,S1,NA,ACRU,NA,NA,NA,NA,91101
1087,S1,NA,ACRU,NA,s,NA,i,NA
1088,S1,NA,QURU,NA,cd,NA,h,NA
1089,S1,NA,QURU,NA,d,NA,h,NA
1090,S1,NA,ACRU,NA,s,NA,h,NA
1091,S2,NA,QURU,NA,cd,NA,h,NA
1092,S2,NA,ACRU,NA,NA,NA,NA,110501
1093,S2,NA,QURU,NA,i,NA,h,NA
1094,S2,NA,QURU,NA,NA,NA,NA,61031
1095,S2,NA,ACRU,NA,NA,NA,NA,61031
1096,S2,NA,QURU,NA,NA,NA,NA,61031
1097,S2,NA,ACRU,NA,s,NA,h,NA
1098,S2,NA,QURU,NA,cd,NA,h,NA
1099,S2,NA,BEAL,NA,s,NA,h,NA
1100,S2,NA,BEAL,NA,i,NA,h,NA
1101,S2,NA,BEAL,NA,s,NA,h,NA
1102,S2,NA,QURU,NA,cd,NA,h,NA
1103,S2,NA,ACRU,NA,NA,NA,NA,61031
1104,S2,NA,QUVE,NA,NA,NA,NA,130425
1105,S2,NA,ACRU,NA,s,NA,h,NA
1106,S2,NA,ACRU,NA,i,NA,h,NA
1107,S2,NA,ACRU,NA,i,NA,h,NA
1108,S2,NA,QURU,NA,cd,NA,h,NA
1109,S2,NA,ACRU,NA,NA,NA,NA,61031
1110,S2,NA,QURU,NA,NA,NA,NA,61031
1111,S2,NA,ACRU,NA,i,NA,h,NA
1112,S2,NA,QURU,NA,cd,NA,h,NA
1113,S2,NA,ACRU,NA,i,NA,h,NA
1114,S2,NA,QURU,NA,cd,NA,h,NA
1115,S2,NA,ACRU,NA,i,NA,h,NA
1116,S2,NA,QURU,NA,i,NA,h,NA
1117,S2,NA,QURU,NA,cd,NA,h,NA
1118,S2,NA,ACRU,NA,s,NA,h,NA
1119,S2,NA,ACRU,NA,s,NA,h,NA
1120,S2,NA,QURU,NA,cd,NA,h,NA
1121,S2,NA,ACRU,NA,i,NA,h,NA
1122,S2,NA,TSCA,NA,s,NA,h,NA
1123,S2,NA,TSCA,NA,s,NA,h,NA
1124,S2,NA,QURU,NA,cd,NA,h,NA
1125,S2,NA,QURU,NA,cd,NA,h,NA
1126,S2,NA,QURU,NA,cd,NA,h,NA
1127,S2,NA,ACRU,NA,cd,NA,h,NA
1128,S2,NA,PIST,NA,s,NA,m,NA
1129,S2,NA,UNK,NA,NA,NA,NA,61031
1130,S2,NA,PIST,NA,s,NA,m,NA
1131,S2,NA,QURU,NA,i,NA,h,NA
1132,S2,NA,QURU,NA,cd,NA,h,NA
1133,S2,NA,ACRU,NA,s,NA,h,NA
1134,S2,NA,ACRU,NA,cd,NA,h,NA
1135,S2,NA,QURU,NA,cd,NA,h,NA
1136,S2,NA,QURU,NA,NA,NA,NA,61031
1137,S2,NA,QURU,NA,NA,NA,NA,130425
1138,S2,NA,QURU,NA,d,NA,h,NA
1139,S2,NA,QURU,NA,i,NA,h,NA
1140,S2,NA,QURU,NA,cd,NA,h,NA
1141,S2,NA,ACRU,NA,s,NA,h,NA
1142,S2,NA,ACRU,NA,s,NA,h,NA
1143,S2,NA,ACRU,NA,s,NA,h,NA
1144,S2,NA,QURU,NA,cd,NA,h,NA
1145,S2,NA,QURU,NA,cd,NA,h,NA
1146,S2,NA,ACRU,NA,s,NA,h,NA
1147,S2,NA,ACRU,NA,s,NA,h,NA
1148,S2,NA,ACRU,NA,NA,NA,NA,110501
1149,S2,NA,ACRU,NA,s,NA,i,NA
1151,S2,NA,ACRU,NA,s,NA,h,NA
1152,S2,NA,QURU,NA,cd,NA,h,NA
1153,S2,NA,QURU,NA,cd,NA,i,NA
1154,S2,NA,ACRU,NA,s,NA,h,NA
1155,S2,NA,ACRU,NA,i,NA,h,NA
1156,S2,NA,QURU,NA,cd,NA,h,NA
1157,S2,NA,QURU,NA,NA,NA,NA,91101
1158,S2,NA,QURU,NA,cd,NA,h,NA
1159,S2,NA,ACRU,NA,s,NA,h,NA
1160,S2,NA,ACRU,NA,NA,NA,NA,120501
1161,S2,NA,ACRU,NA,cd,NA,h,NA
1162,S2,NA,ACRU,NA,s,NA,h,NA
1163,S2,NA,ACRU,NA,s,NA,h,NA
1164,S2,NA,QURU,NA,cd,NA,h,NA
1165,S2,NA,ACRU,NA,NA,NA,NA,110501
1166,S2,NA,ACRU,NA,s,NA,h,NA
1167,S2,NA,ACRU,NA,s,NA,h,NA
1168,S2,NA,ACRU,NA,i,NA,h,NA
1169,S2,NA,ACRU,NA,s,NA,h,NA
1170,S2,NA,ACRU,NA,NA,NA,NA,120501
1171,S2,NA,ACRU,NA,i,NA,h,NA
1172,S2,NA,ACRU,NA,cd,NA,h,NA
1173,S2,NA,QURU,NA,cd,NA,h,NA
1174,S2,NA,QURU,NA,NA,NA,NA,110501
1175,S2,NA,ACRU,NA,NA,NA,NA,NA
1176,S3,NA,ACRU,NA,s,NA,h,NA
1177,S3,NA,QURU,NA,cd,NA,h,NA
1178,S3,NA,PIST,NA,NA,NA,NA,61031
1179,S3,NA,QURU,NA,i,NA,h,NA
1180,S3,NA,QURU,NA,cd,NA,h,NA
1181,S3,NA,QURU,NA,d,NA,h,NA
1182,S3,NA,QURU,NA,cd,NA,h,NA
1183,S3,NA,QURU,NA,d,NA,h,NA
1184,S3,NA,QURU,NA,cd,NA,h,NA
1185,S3,NA,ACRU,NA,NA,NA,NA,120501
1186,S3,NA,QURU,NA,NA,NA,NA,61031
1187,S3,NA,PIST,NA,NA,NA,NA,61031
1188,S3,NA,PIST,NA,NA,NA,NA,120501
1189,S3,NA,PRSE,NA,s,NA,h,NA
1190,S3,NA,ACRU,NA,NA,NA,NA,61031
1191,S3,NA,ACRU,NA,NA,NA,NA,61031
1192,S3,NA,ACRU,NA,cd,NA,h,NA
1193,S3,NA,PIST,NA,s,NA,m,NA
1194,S3,NA,QUAL,NA,i,NA,i,NA
1195,S3,NA,ACRU,NA,s,NA,h,NA
1196,S3,NA,PIST,NA,NA,NA,NA,61031
1197,S3,NA,PIST,NA,NA,NA,NA,61031
1198,S3,NA,BEXX,NA,NA,NA,NA,61031
1199,S3,NA,PIST,NA,s,NA,m,120501
1200,S3,NA,QURU,NA,d,NA,h,NA
1201,S3,NA,PIST,NA,s,NA,m,NA
1202,S3,NA,QURU,NA,cd,NA,h,NA
1203,S3,NA,ACRU,NA,s,NA,h,NA
1204,S3,NA,PIST,NA,s,NA,m,NA
1205,S3,NA,QURU,NA,cd,NA,h,NA
1206,S3,NA,UNK,NA,NA,NA,NA,61031
1207,S3,NA,PIST,NA,s,NA,m,NA
1208,S3,NA,QURU,NA,i,NA,h,NA
1209,S3,NA,QURU,NA,d,NA,h,NA
1210,S3,NA,PIST,NA,NA,NA,NA,61031
1211,S3,NA,ACRU,NA,cd,NA,h,NA
1212,S3,NA,ACRU,NA,cd,NA,h,NA
1213,S3,NA,ACRU,NA,cd,NA,h,NA
1214,S3,NA,QURU,NA,NA,NA,NA,61031
1215,S3,NA,ACRU,NA,NA,NA,NA,130425
1216,S3,NA,PIST,NA,s,NA,m,NA
1217,S3,NA,ACRU,NA,s,NA,h,61031
1218,S3,NA,ACRU,NA,NA,NA,NA,110501
1219,S3,NA,QURU,NA,cd,NA,h,130425
1220,S3,NA,ACRU,NA,NA,NA,NA,61031
1221,S3,NA,ACRU,NA,s,NA,h,130425
1222,S3,NA,QUAL,NA,NA,NA,NA,61031
1223,S3,NA,PIST,NA,NA,NA,NA,61031
1224,S3,NA,ACRU,NA,s,NA,h,NA
1225,S3,NA,QURU,NA,cd,NA,h,NA
1226,S3,NA,ACRU,NA,NA,NA,NA,61031
1227,S3,NA,QURU,NA,i,NA,h,NA
1228,S3,NA,QURU,NA,cd,NA,h,NA
1229,S3,NA,QURU,NA,d,NA,h,NA
1230,S3,NA,QURU,NA,cd,NA,h,NA
1231,S3,NA,PIST,NA,s,NA,m,NA
1232,S3,NA,QURU,NA,cd,NA,h,NA
1233,S3,NA,PIST,NA,NA,NA,NA,91101
1234,S3,NA,ACRU,NA,s,NA,i,61031
1235,S3,NA,QUAL,NA,s,NA,m,120501
1236,S3,NA,QURU,NA,cd,NA,h,NA
1237,S3,NA,QURU,NA,cd,NA,h,NA
1238,S3,NA,ACRU,NA,s,NA,h,NA
1239,S3,NA,ACRU,NA,s,NA,h,NA
1240,S3,NA,UNK,NA,NA,NA,NA,61031
1241,S3,NA,QURU,NA,cd,NA,h,NA
1242,S3,NA,PIST,NA,NA,NA,NA,120501
1243,S3,NA,PIST,NA,NA,NA,NA,130425
1244,S3,NA,ACRU,NA,NA,NA,NA,61031
1245,S3,NA,PIST,NA,s,NA,m,NA
1246,S3,NA,ACRU,NA,NA,NA,NA,61031
1247,S3,NA,ACRU,NA,s,NA,h,NA
1248,S3,NA,QURU,NA,s,NA,h,NA
1249,S3,NA,QURU,NA,cd,NA,h,NA
1250,S3,NA,QURU,NA,d,NA,h,NA
1251,S3,NA,QURU,NA,NA,NA,NA,61031
1252,S3,NA,ACRU,NA,s,NA,m,NA
1253,S3,NA,ACRU,NA,s,NA,h,NA
1254,S3,NA,ACRU,NA,NA,NA,NA,110501
1255,S3,NA,PIST,NA,s,NA,m,NA
1256,S3,NA,ACRU,NA,s,NA,h,NA
1257,S3,NA,QURU,NA,NA,NA,NA,61031
1258,S3,NA,QURU,NA,cd,NA,h,NA
1259,S3,NA,QURU,NA,cd,NA,h,NA
1260,S3,NA,ACRU,NA,cd,NA,h,NA
1261,S3,NA,ACRU,NA,s,NA,i,NA
1262,S3,NA,ACRU,NA,i,NA,h,NA
1263,S3,NA,PIST,NA,NA,NA,NA,61031
1264,S3,NA,QURU,NA,cd,NA,h,NA
1267,S4,NA,ACRU,NA,s,NA,i,NA
1268,S4,NA,ACRU,NA,NA,NA,NA,91101
1269,S4,NA,ACRU,NA,s,NA,h,91101
1270,S4,NA,ACRU,NA,i,NA,h,NA
1271,S4,NA,QURU,NA,cd,NA,h,NA
1272,S4,NA,QURU,NA,NA,NA,NA,61031
1273,S4,NA,QURU,NA,i,NA,h,NA
1274,S4,NA,ACRU,NA,s,NA,h,NA
1275,S4,NA,QURU,NA,cd,NA,h,NA
1276,S4,NA,ACRU,NA,NA,NA,NA,61031
1277,S4,NA,PIST,NA,NA,NA,NA,61031
1278,S4,NA,PIST,NA,NA,NA,NA,61031
1279,S4,NA,PIST,NA,s,NA,m,NA
1280,S4,NA,QURU,NA,cd,NA,h,NA
1281,S4,NA,PIST,NA,s,NA,m,NA
1282,S4,NA,QURU,NA,cd,NA,h,NA
1283,S4,NA,ACRU,NA,s,NA,h,NA
1284,S4,NA,ACRU,NA,i,NA,h,NA
1285,S4,NA,ACRU,NA,s,NA,i,NA
1286,S4,NA,ACRU,NA,cd,NA,h,NA
1287,S4,NA,ACRU,NA,NA,NA,NA,120501
1288,S4,NA,ACRU,NA,NA,NA,NA,110501
1289,S4,NA,QURU,NA,NA,NA,NA,110501
1290,S4,NA,QURU,NA,cd,NA,h,NA
1291,S4,NA,QURU,NA,d,NA,h,NA
1292,S4,NA,QURU,NA,cd,NA,h,NA
1293,S4,NA,ACRU,NA,s,NA,h,NA
1294,S4,NA,PIST,NA,NA,NA,NA,91101
1295,S4,NA,QURU,NA,cd,NA,h,NA
1296,S4,NA,QURU,NA,i,NA,h,NA
1297,S4,NA,ACRU,NA,i,NA,h,NA
1298,S4,NA,ACRU,NA,i,NA,h,NA
1299,S4,NA,ACRU,NA,i,NA,h,NA
1300,S4,NA,ACRU,NA,NA,NA,NA,61031
1301,S4,NA,ACRU,NA,cd,NA,h,NA
1302,S4,NA,ACRU,NA,cd,NA,h,NA
1303,S4,NA,ACRU,NA,i,NA,h,NA
1304,S4,NA,QURU,NA,s,NA,h,NA
1305,S4,NA,ACRU,NA,i,NA,h,NA
1306,S4,NA,ACRU,NA,s,NA,h,NA
1307,S4,NA,PIST,NA,s,NA,m,NA
1308,S4,NA,QURU,NA,s,NA,h,NA
1309,S4,NA,QURU,NA,cd,NA,h,NA
1310,S4,NA,QURU,NA,NA,NA,NA,61031
1311,S4,NA,QURU,NA,NA,NA,NA,61031
1312,S4,NA,ACRU,NA,NA,NA,NA,120501
1313,S4,NA,ACRU,NA,i,NA,h,NA
1314,S4,NA,ACRU,NA,cd,NA,h,NA
1315,S4,NA,QURU,NA,NA,NA,NA,61031
1316,S4,NA,ACRU,NA,s,NA,i,NA
1317,S4,NA,QURU,NA,cd,NA,h,NA
1318,S4,NA,QURU,NA,NA,NA,NA,61031
1319,S4,NA,ACRU,NA,i,NA,h,NA
1320,S4,NA,ACRU,NA,i,NA,h,NA
1321,S4,NA,ACRU,NA,i,NA,h,NA
1322,S4,NA,ACRU,NA,s,NA,h,NA
1323,S4,NA,ACRU,NA,s,NA,h,NA
1324,S4,NA,ACRU,NA,s,NA,h,NA
1325,S4,NA,QURU,NA,cd,NA,h,NA
1326,S4,NA,ACRU,NA,i,NA,h,NA
1327,S4,NA,QURU,NA,cd,NA,h,NA
1328,S4,NA,ACRU,NA,s,NA,h,NA
1329,S4,NA,ACRU,NA,NA,NA,NA,61031
1330,S4,NA,PIST,NA,NA,NA,NA,120501
1331,S4,NA,QURU,NA,NA,NA,NA,61031
1332,S4,NA,PIST,NA,NA,NA,NA,61031
1333,S4,NA,ACRU,NA,NA,NA,NA,61031
1334,S4,NA,PIST,NA,NA,NA,NA,61031
1335,S4,NA,PIST,NA,NA,NA,NA,61031
1336,S4,NA,ACRU,NA,NA,NA,NA,61031
1337,S4,NA,ACRU,NA,NA,NA,NA,61031
1338,S4,NA,ACRU,NA,NA,NA,NA,61031
